timestamp,label,entropy_turb,iqr_turb,variance_turb,skewness,kurtosis,amp_mean,amp_range,amp_std,amp_mean_low,amp_mean_mid,amp_mean_high,sc_amp_0,sc_amp_1,sc_amp_2,sc_amp_3,sc_amp_4,sc_amp_5,sc_amp_6,sc_amp_7,sc_amp_8,sc_amp_9,sc_amp_10,sc_amp_11,sc_amp_12,sc_amp_13,sc_amp_14,sc_amp_15,sc_amp_16,sc_amp_17,sc_amp_18,sc_amp_19,sc_amp_20,sc_amp_21,sc_amp_22,sc_amp_23,sc_amp_24,sc_amp_25,sc_amp_26,sc_amp_27,sc_amp_28,sc_amp_29,sc_amp_30,sc_amp_31,sc_amp_32,sc_amp_33,sc_amp_34,sc_amp_35,sc_amp_36,sc_amp_37,sc_amp_38,sc_amp_39,sc_amp_40,sc_amp_41,sc_amp_42,sc_amp_43,sc_amp_44,sc_amp_45,sc_amp_46,sc_amp_47,sc_amp_48,sc_amp_49,sc_amp_50,sc_amp_51,sc_amp_52,sc_amp_53,sc_amp_54,sc_amp_55,sc_amp_56,sc_amp_57,sc_amp_58,sc_amp_59,sc_amp_60,sc_amp_61,sc_amp_62,sc_amp_63,phase_mean,phase_std,phase_range
2026-02-21T15:12:58.821416,movement_0_0_0_stairs,2.271,0.563,0.411,4.225,26.614,13.159,82.0,10.463,17.645,5.605,16.086,82.0,21.02,18.87,18.79,18.25,17.69,17.72,17.09,15.56,16.49,14.87,15.0,13.15,11.18,10.3,12.0,10.82,10.77,10.05,10.0,8.94,8.06,6.4,6.71,5.1,5.0,5.1,5.1,5.0,0.0,0.0,0.0,0.0,0.0,0.0,0.0,10.63,11.4,11.7,12.04,12.04,13.42,13.04,13.04,13.04,13.34,13.93,15.0,15.0,15.26,16.12,15.0,15.65,15.26,15.0,16.4,16.16,16.28,18.44,18.68,18.44,19.8,20.4,20.62,0.1012,1.8797,6.1835
2026-02-21T15:12:59.231189,movement_0_0_0_stairs,2.66,0.523,0.468,4.538,29.31,13.426,85.0,10.64,17.76,6.339,16.053,85.0,20.25,19.42,20.02,19.24,17.89,18.03,16.4,15.65,16.12,13.45,12.17,13.0,11.4,14.04,12.53,10.82,10.2,9.85,9.43,8.06,8.06,6.71,7.28,7.81,7.62,6.32,7.81,6.32,0.0,0.0,0.0,0.0,0.0,0.0,0.0,13.45,13.04,11.18,12.53,12.17,12.81,12.37,14.32,13.89,15.13,14.42,15.81,15.13,15.62,13.34,14.56,14.21,16.03,15.23,16.4,17.03,17.89,17.49,18.0,18.87,18.38,19.24,19.8,0.0075,1.877,6.1506
2026-02-21T15:12:59.639754,movement_0_0_0_stairs,2.837,0.824,0.455,4.569,29.429,14.653,96.0,12.078,18.507,6.544,18.715,96.0,21.02,20.22,18.44,18.97,17.46,17.69,17.26,16.16,16.28,16.49,14.32,12.73,12.37,11.7,12.04,11.05,10.3,8.6,10.05,9.49,8.6,8.06,8.54,5.83,4.12,8.54,7.21,7.0,0.0,0.0,0.0,0.0,0.0,0.0,0.0,12.21,12.65,12.04,14.14,13.6,14.87,14.87,16.12,15.81,15.65,16.28,17.69,17.72,19.42,17.69,19.42,18.68,19.1,18.25,18.97,18.6,20.02,19.24,20.25,21.02,21.47,22.36,23.09,0.1138,1.8742,6.2
2026-02-21T15:13:00.052748,movement_0_0_0_stairs,2.542,0.476,0.318,5.418,36.575,13.86,104.0,12.72,18.542,6.305,16.603,104.0,20.52,20.62,19.92,19.85,18.25,17.09,16.4,15.13,14.32,12.53,13.04,13.04,12.08,12.04,11.66,11.66,10.0,10.3,8.94,8.0,8.06,7.62,7.07,7.81,7.62,7.07,8.6,7.62,0.0,0.0,0.0,0.0,0.0,0.0,0.0,12.0,11.4,11.4,11.7,11.4,13.04,13.04,14.32,15.13,15.62,15.81,15.52,15.56,15.3,14.87,15.0,15.03,15.65,16.64,17.03,17.89,18.03,18.03,19.24,18.87,19.03,19.42,20.25,-0.053,1.8697,6.2
2026-02-21T15:13:00.460164,movement_0_0_0_stairs,2.827,0.67,0.339,-0.4,0.21,13.32,32.0,6.656,16.78,5.841,17.157,32.0,22.47,19.92,20.1,20.22,19.92,18.87,18.38,17.49,17.46,15.3,16.03,14.56,13.89,14.87,12.81,13.0,12.37,12.04,11.18,9.49,9.85,7.81,7.21,6.71,5.39,7.0,5.1,4.12,0.0,0.0,0.0,0.0,0.0,0.0,0.0,11.4,11.18,11.05,11.0,12.65,12.21,13.6,14.76,13.6,15.03,16.28,15.23,15.0,15.62,16.12,16.16,16.28,17.0,17.26,18.03,17.8,17.03,18.87,19.31,20.22,20.02,20.88,23.32,-0.1094,1.8163,6.1542
2026-02-21T15:13:00.869558,movement_0_0_0_stairs,2.61,0.693,0.345,3.623,21.937,18.187,100.0,13.008,23.827,8.385,22.16,100.0,26.17,29.55,27.66,25.32,22.83,25.24,23.02,22.02,22.85,19.24,20.25,20.62,16.28,14.87,13.6,14.32,15.62,13.6,15.3,12.04,12.17,10.44,10.63,9.06,9.22,9.9,9.22,12.08,0.0,0.0,0.0,0.0,0.0,0.0,0.0,13.42,15.81,14.87,14.76,16.12,18.38,17.49,17.0,17.69,17.72,18.03,20.62,21.21,20.12,21.26,21.21,19.7,19.72,22.0,22.83,23.26,25.32,23.6,27.31,24.33,29.21,29.73,28.16,0.0308,1.8513,6.2397
2026-02-21T15:13:01.281341,movement_0_0_0_stairs,2.242,0.491,0.289,3.608,21.721,15.233,85.0,11.115,20.763,6.313,18.467,85.0,25.02,23.85,23.32,22.02,21.95,19.72,19.0,17.89,18.6,16.03,17.09,15.0,16.28,14.42,15.26,14.14,13.0,13.6,12.17,12.65,9.22,8.25,8.06,8.6,6.32,7.28,8.06,7.62,0.0,0.0,0.0,0.0,0.0,0.0,0.0,8.94,13.42,10.05,11.31,11.4,14.04,14.87,12.08,14.04,17.2,17.09,16.28,14.21,18.97,16.28,16.28,16.16,18.25,19.21,17.89,20.02,20.25,21.95,22.09,22.83,23.6,23.02,23.71,0.1723,1.8217,6.2332
2026-02-21T15:13:01.691118,movement_0_0_0_stairs,2.681,0.499,0.2,-0.608,-0.369,15.871,29.0,7.772,18.956,7.349,21.063,29.0,26.4,26.93,25.81,24.08,24.41,21.47,20.88,20.1,21.02,17.0,17.46,17.46,15.23,13.6,13.45,13.6,13.04,13.42,12.65,11.05,10.05,9.06,7.28,7.62,9.43,7.21,7.21,7.21,0.0,0.0,0.0,0.0,0.0,0.0,0.0,14.32,14.21,14.21,14.42,15.81,16.28,18.03,17.46,15.81,18.03,18.44,18.6,20.12,19.31,21.21,20.0,20.02,19.42,20.88,21.1,22.02,22.63,22.8,23.85,25.08,25.3,25.18,28.07,0.0302,1.5617,6.0924
2026-02-21T15:13:02.098198,movement_0_0_0_stairs,2.313,0.575,0.882,4.044,25.283,15.652,92.0,11.746,20.065,7.29,19.421,92.0,22.47,22.36,23.43,19.92,20.4,19.8,18.79,18.11,18.6,17.49,16.0,15.65,14.21,13.15,12.08,12.21,12.04,11.18,11.4,10.05,9.22,9.22,8.94,9.06,7.62,8.6,7.07,7.62,0.0,0.0,0.0,0.0,0.0,0.0,0.0,13.89,14.76,14.0,13.89,13.89,15.3,14.21,17.09,16.28,16.4,18.03,19.24,19.21,19.7,18.03,17.49,17.89,17.03,18.36,17.49,20.1,19.7,21.4,22.36,23.09,25.5,24.35,24.33,-0.1226,1.8451,6.1725
2026-02-21T15:13:02.507611,movement_0_0_0_stairs,3.003,1.602,0.946,5.712,39.177,15.373,126.0,15.359,20.301,6.973,18.686,126.0,21.26,21.84,20.62,19.85,19.31,16.49,16.4,16.55,15.13,14.21,15.65,14.0,14.42,12.21,12.17,12.65,11.31,9.22,8.54,8.49,8.0,7.28,7.07,6.4,7.07,5.83,6.4,6.71,0.0,0.0,0.0,0.0,0.0,0.0,0.0,14.56,14.21,14.32,15.81,16.28,16.49,16.76,16.97,16.49,17.09,18.03,19.24,17.89,18.6,19.24,19.31,17.69,17.46,20.22,19.85,18.36,17.0,19.72,18.87,19.03,18.97,22.2,22.09,0.1432,1.9104,6.1413
2026-02-21T15:13:02.917186,movement_0_0_0_stairs,3.242,2.468,1.734,4.076,26.084,17.079,97.0,12.215,22.27,8.256,20.547,97.0,24.76,23.09,22.8,22.67,20.25,21.59,21.93,21.19,20.22,21.4,17.89,17.03,17.0,16.12,17.0,13.6,13.89,12.0,12.81,13.42,12.0,12.21,12.53,10.0,8.94,10.63,8.0,7.28,0.0,0.0,0.0,0.0,0.0,0.0,0.0,14.56,14.87,15.0,15.0,16.55,15.81,17.03,19.72,18.79,19.1,19.21,20.25,21.21,19.42,19.7,21.0,20.25,18.36,20.02,18.79,19.72,20.02,21.54,22.02,22.56,23.09,25.5,24.74,-0.0045,1.8594,6.1413
2026-02-21T15:13:03.326606,movement_0_0_0_stairs,2.491,1.816,2.486,1.608,7.521,22.589,99.0,15.298,25.363,10.659,31.33,99.0,36.62,40.31,36.69,30.02,28.44,27.46,25.08,30.41,23.6,20.88,16.12,13.04,13.34,12.53,22.36,14.0,12.17,11.4,12.08,7.07,11.18,12.04,7.07,5.66,9.49,8.06,5.83,11.05,0.0,0.0,0.0,0.0,0.0,0.0,0.0,26.08,24.0,23.35,30.36,25.63,24.04,28.02,33.29,28.46,25.5,29.0,29.07,21.95,31.06,28.02,27.51,29.07,31.26,34.21,32.57,32.28,30.61,36.12,34.44,34.67,35.06,39.36,37.74,0.1935,1.8791,6.118
2026-02-21T15:13:03.736962,movement_0_0_0_stairs,2.903,1.027,0.682,2.63,13.923,9.691,48.0,6.743,13.411,3.856,11.71,48.0,17.8,16.16,14.32,16.28,16.28,13.0,13.6,13.04,12.21,10.77,11.18,10.63,11.18,9.49,10.0,9.0,7.62,8.6,6.08,6.4,5.1,4.12,7.62,6.0,5.83,5.0,5.1,4.47,0.0,0.0,0.0,0.0,0.0,0.0,0.0,7.21,7.28,6.32,5.0,6.08,5.83,6.4,7.28,9.43,8.25,10.77,8.94,10.0,10.3,11.18,10.0,12.04,11.4,10.77,12.21,15.0,12.53,15.26,15.0,14.21,14.87,16.76,15.0,-0.014,1.8779,6.0721
2026-02-21T15:13:04.145741,movement_0_0_0_stairs,3.043,1.205,0.729,3.168,17.803,10.562,58.0,7.9,14.389,4.021,13.155,58.0,17.03,16.12,16.12,15.65,15.13,15.62,16.49,15.52,12.81,13.04,10.77,10.3,10.0,9.43,8.25,9.22,9.9,8.06,7.62,7.07,7.07,6.71,5.0,5.1,4.24,2.83,4.47,4.24,0.0,0.0,0.0,0.0,0.0,0.0,0.0,5.0,7.28,7.21,8.25,9.22,7.81,9.22,9.85,9.22,10.05,10.0,11.4,9.49,10.0,12.04,11.66,13.89,14.04,15.26,14.32,14.32,13.45,14.14,16.55,15.81,17.03,18.87,18.79,0.1507,1.8711,6.2244
2026-02-21T15:13:04.555878,movement_0_0_0_stairs,2.911,1.59,2.419,3.175,18.933,24.324,124.0,16.397,28.428,12.225,31.957,124.0,36.07,34.93,29.12,34.21,28.23,27.02,27.73,26.25,23.09,20.22,23.85,21.4,19.42,18.0,19.1,19.72,17.72,17.72,14.87,14.32,16.12,12.65,15.26,12.53,15.03,15.23,15.0,12.04,0.0,0.0,0.0,0.0,0.0,0.0,0.0,23.02,21.93,22.2,25.02,25.06,25.61,28.44,28.79,29.73,29.12,29.61,30.81,33.62,34.0,28.64,32.02,29.43,31.26,29.21,31.76,32.02,31.78,32.65,33.53,35.36,36.62,39.45,35.23,-0.0804,1.8137,5.9383
2026-02-21T15:13:04.965489,movement_0_0_0_stairs,3.164,1.728,0.893,4.529,28.998,15.097,102.0,12.944,19.524,6.229,19.336,102.0,21.63,21.93,23.35,22.02,18.97,16.76,17.03,16.12,17.46,16.4,15.03,15.23,13.04,14.04,13.0,10.77,10.2,8.94,8.06,8.0,7.21,6.71,6.0,6.4,5.66,5.0,5.39,5.0,0.0,0.0,0.0,0.0,0.0,0.0,0.0,12.04,13.42,13.0,13.15,15.56,16.28,17.46,17.8,17.03,17.49,17.46,18.25,18.44,18.44,18.68,19.21,18.25,19.31,19.85,21.38,19.31,19.42,20.1,21.02,21.95,20.1,22.47,21.95,0.1774,1.8239,5.9123
2026-02-21T15:13:05.374781,movement_0_0_0_stairs,3.04,1.693,0.883,4.027,25.231,14.131,84.0,10.753,18.586,6.343,17.312,84.0,21.38,22.02,20.4,21.19,19.8,18.03,16.64,16.16,16.28,16.28,15.52,15.81,14.14,13.15,12.53,12.21,9.06,9.43,9.22,7.07,7.81,7.28,7.62,6.4,5.39,7.07,5.83,7.28,0.0,0.0,0.0,0.0,0.0,0.0,0.0,13.0,13.42,12.37,12.81,13.04,13.89,14.87,16.49,17.69,15.81,17.09,17.2,16.03,15.81,15.23,16.28,15.62,16.76,17.72,18.44,18.44,18.38,16.28,18.25,18.38,19.42,19.03,21.63,-0.0867,1.809,6.095
2026-02-21T15:13:05.784592,movement_0_0_0_stairs,2.285,0.639,0.81,4.734,30.69,13.423,92.0,11.552,17.588,6.076,16.461,92.0,20.62,20.62,20.62,20.52,17.72,16.55,16.12,15.03,15.81,12.53,12.17,12.04,13.34,12.08,10.63,10.05,9.22,9.22,7.07,5.39,5.39,7.0,6.71,7.07,5.1,5.39,6.4,7.07,0.0,0.0,0.0,0.0,0.0,0.0,0.0,12.73,13.04,13.04,12.08,12.37,14.21,14.04,14.42,13.93,15.13,15.56,16.49,15.81,15.26,15.0,13.89,15.23,16.12,16.4,17.09,18.11,17.69,17.46,18.44,19.1,18.44,18.79,19.72,-0.1678,1.8613,6.1725
2026-02-21T15:13:06.194015,movement_0_0_0_stairs,2.201,0.5,0.347,4.431,28.165,13.638,89.0,11.303,18.106,5.808,16.848,89.0,22.02,21.1,21.02,18.44,17.03,17.46,17.46,16.64,16.03,15.81,15.26,13.0,13.04,11.7,12.17,10.0,8.54,8.6,7.81,8.06,8.54,7.21,6.08,6.0,5.83,5.66,4.0,6.4,0.0,0.0,0.0,0.0,0.0,0.0,0.0,11.66,10.77,11.7,12.04,12.17,13.89,14.76,15.0,13.6,14.87,15.52,16.28,15.13,14.76,16.12,16.03,16.64,16.12,17.12,17.49,16.16,17.46,17.03,18.97,19.31,19.85,21.38,21.02,0.1284,1.8388,6.2208
2026-02-21T15:13:06.604247,movement_0_0_0_stairs,2.362,0.547,0.35,4.306,27.509,14.485,87.0,10.943,19.118,6.88,17.322,87.0,23.54,21.93,21.19,20.22,19.21,17.09,17.26,17.03,15.81,15.13,15.0,13.93,14.14,13.6,13.04,12.0,13.0,11.4,11.0,8.94,9.43,8.06,8.94,8.06,7.0,7.62,9.22,8.25,0.0,0.0,0.0,0.0,0.0,0.0,0.0,12.81,12.04,12.08,12.21,14.0,14.76,15.26,15.03,14.32,15.26,15.0,15.26,15.23,15.03,16.4,17.0,17.03,17.0,17.8,18.11,18.03,17.69,18.97,19.65,19.8,19.65,20.88,22.67,0.1084,1.9033,6.1413
2026-02-21T15:13:07.115535,movement_0_0_0_stairs,3.081,1.359,0.671,4.804,31.232,14.487,101.0,12.666,17.847,6.58,18.826,101.0,21.63,21.1,20.12,18.36,17.0,15.81,15.23,15.13,14.21,14.87,13.15,12.21,11.7,11.05,10.82,9.85,9.06,7.81,7.62,7.07,7.07,7.28,7.07,7.21,6.71,7.0,6.71,6.4,0.0,0.0,0.0,0.0,0.0,0.0,0.0,13.0,13.04,13.15,13.45,14.56,15.52,16.97,17.46,17.09,17.2,17.03,18.03,18.38,17.26,17.69,18.03,18.44,19.85,18.97,19.42,19.1,19.65,19.65,19.8,20.4,20.25,21.4,22.09,0.036,1.8636,6.1413
2026-02-21T15:13:07.423085,movement_0_0_0_stairs,2.947,1.119,0.941,5.11,33.755,16.09,122.0,15.226,21.588,6.258,20.228,122.0,23.6,24.33,25.0,22.67,20.62,19.92,19.21,18.03,17.26,15.0,14.32,15.13,14.21,14.32,13.04,11.66,12.53,12.04,8.54,9.9,8.54,6.08,6.4,4.12,5.1,5.0,6.71,6.08,0.0,0.0,0.0,0.0,0.0,0.0,0.0,12.0,13.04,12.65,14.32,15.56,15.81,18.25,17.69,18.03,18.25,18.44,18.68,18.68,18.38,18.03,18.25,19.1,19.7,20.02,21.63,22.47,22.02,21.02,22.2,23.19,23.77,22.67,24.52,-0.0247,1.8261,6.0681
2026-02-21T15:13:07.936999,movement_0_0_0_stairs,2.646,0.681,0.462,5.052,33.248,13.883,104.0,13.001,18.481,5.761,17.248,104.0,21.26,20.88,19.92,19.21,18.25,17.09,17.03,16.28,16.12,12.04,12.17,12.53,11.7,13.04,10.63,9.22,11.05,8.49,8.94,8.25,7.81,5.39,6.0,5.66,4.0,4.24,5.0,4.0,0.0,0.0,0.0,0.0,0.0,0.0,0.0,14.04,12.21,13.6,14.14,12.73,12.17,13.42,13.89,13.04,16.28,14.87,16.28,15.56,17.46,16.76,16.97,15.3,16.76,17.03,18.11,16.55,18.03,19.1,20.12,20.81,21.0,21.1,21.02,0.0701,1.9192,6.2119
2026-02-21T15:13:08.345101,movement_0_0_0_stairs,2.924,1.215,0.704,3.943,24.371,17.738,104.0,13.383,23.276,7.805,21.932,104.0,25.24,26.0,26.42,24.7,23.0,25.24,22.83,21.02,20.25,20.12,18.11,18.6,17.46,17.12,14.42,16.55,11.4,11.66,12.65,12.0,9.85,11.4,10.05,8.6,9.85,6.08,8.94,11.18,0.0,0.0,0.0,0.0,0.0,0.0,0.0,14.21,13.15,13.45,14.14,18.11,14.87,18.68,18.03,22.2,20.25,19.92,18.38,18.44,17.72,17.69,19.24,20.62,20.52,21.21,21.54,25.0,23.19,25.3,24.21,28.44,26.25,28.6,27.07,0.0237,1.871,6.2277
2026-02-21T15:13:08.754169,movement_0_0_0_stairs,2.96,1.467,1.103,0.263,0.319,13.204,40.0,8.069,14.286,5.911,19.133,40.0,21.63,23.09,20.62,23.02,19.72,14.32,17.12,14.14,13.34,10.3,9.85,10.05,8.49,9.22,10.44,8.06,8.25,7.28,7.07,4.0,2.0,5.1,3.16,4.12,5.1,7.28,7.07,8.54,0.0,0.0,0.0,0.0,0.0,0.0,0.0,11.05,12.04,13.15,14.32,13.93,17.26,13.6,16.12,15.0,17.89,16.76,19.21,16.12,17.89,16.55,20.02,18.44,18.44,14.76,18.87,23.02,18.44,22.8,21.19,24.19,22.09,24.76,24.74,0.1264,1.9215,6.0049
2026-02-21T15:13:09.163658,movement_0_0_0_stairs,2.78,1.314,0.716,1.608,8.635,16.361,65.0,9.557,21.089,7.757,20.062,65.0,26.63,27.66,20.62,27.8,18.03,21.47,21.63,23.41,20.62,16.0,21.19,17.69,18.0,18.87,16.64,16.12,10.0,10.44,10.3,14.76,11.4,12.04,12.37,12.17,8.06,8.54,6.71,8.49,0.0,0.0,0.0,0.0,0.0,0.0,0.0,14.32,11.18,13.93,12.81,16.12,14.76,16.12,17.26,17.03,17.03,18.79,15.56,17.12,17.89,16.76,18.38,17.8,22.02,21.47,23.85,23.0,20.59,19.92,22.47,21.26,26.31,27.29,23.41,0.1132,1.783,6.1085
2026-02-21T15:13:09.572551,movement_0_0_0_stairs,2.919,0.652,0.335,4.961,32.711,13.856,96.0,11.9,18.335,6.377,16.718,96.0,21.02,19.24,19.1,18.6,18.03,17.46,16.97,16.49,16.49,14.87,13.15,13.0,11.66,11.0,10.82,11.18,11.05,10.0,9.85,9.06,7.81,7.62,7.07,5.66,6.32,6.32,6.4,7.07,0.0,0.0,0.0,0.0,0.0,0.0,0.0,12.53,13.15,12.81,13.34,13.6,14.21,14.04,13.89,13.93,14.56,15.62,16.12,16.55,16.64,16.03,15.65,15.26,15.0,15.26,16.55,16.28,17.03,18.03,19.42,19.85,19.92,20.88,21.26,0.0471,1.9046,6.1925
2026-02-21T15:13:09.983044,movement_0_0_0_stairs,2.589,0.642,0.324,4.147,26.002,13.533,82.0,10.464,17.477,6.152,16.815,82.0,20.88,19.85,19.1,18.36,18.36,17.03,16.64,16.16,15.03,12.21,14.32,12.17,10.63,12.04,11.18,12.21,12.0,8.94,9.85,8.06,8.6,8.06,7.0,5.39,6.08,6.08,5.83,8.25,0.0,0.0,0.0,0.0,0.0,0.0,0.0,11.31,12.17,11.7,12.04,14.14,12.53,13.0,14.32,14.14,14.14,13.89,15.26,17.26,18.03,15.81,16.12,16.28,16.49,15.3,15.56,16.03,17.09,18.03,19.03,20.12,20.59,22.02,21.4,0.1526,1.9168,6.2244
2026-02-21T15:13:10.392313,movement_0_0_0_stairs,2.682,0.65,0.226,4.342,27.606,14.606,91.0,11.514,19.499,6.458,17.713,91.0,22.56,21.21,22.8,21.59,19.1,19.65,19.65,17.69,15.81,14.87,14.21,13.15,15.23,13.04,14.0,12.08,12.81,11.05,8.54,9.43,9.22,8.54,8.6,7.28,6.71,7.21,6.08,6.32,0.0,0.0,0.0,0.0,0.0,0.0,0.0,14.14,13.04,12.21,12.04,12.81,11.4,14.32,15.0,17.12,16.16,17.2,16.03,16.55,16.12,14.04,16.12,16.55,17.03,16.64,18.79,20.0,18.87,20.12,20.1,21.1,19.7,21.02,21.1,0.2055,1.86,6.0494
2026-02-21T15:13:10.801743,movement_0_0_0_stairs,2.517,0.313,0.159,4.178,26.215,14.991,91.0,11.594,19.577,6.809,18.424,91.0,22.2,22.8,23.77,21.38,20.52,19.42,18.38,16.12,16.0,15.81,14.76,16.12,14.42,14.32,13.15,12.81,11.4,9.49,9.22,8.0,8.94,8.94,9.06,8.06,7.81,8.06,8.06,6.4,0.0,0.0,0.0,0.0,0.0,0.0,0.0,13.0,12.08,12.04,13.45,14.04,13.04,14.32,16.0,16.12,15.23,15.52,15.62,18.25,16.12,15.26,17.03,18.6,17.46,19.1,20.0,19.31,20.62,19.85,20.88,22.14,22.02,23.02,22.83,-0.1332,1.839,6.1783
2026-02-21T15:13:11.109427,movement_0_0_0_stairs,2.518,0.544,0.282,4.732,30.746,14.156,95.0,11.881,19.082,6.164,17.083,95.0,20.59,20.25,20.1,19.85,19.65,18.44,18.44,18.38,18.25,12.81,13.93,13.6,12.73,13.15,12.37,12.21,11.0,11.7,9.22,9.06,8.54,7.81,7.28,6.08,7.07,5.83,5.83,6.4,0.0,0.0,0.0,0.0,0.0,0.0,0.0,11.7,13.6,12.04,13.42,11.66,12.17,13.6,12.65,14.14,15.62,16.28,15.23,16.4,16.28,17.0,16.4,15.03,15.23,16.64,17.03,17.89,18.03,20.02,19.24,19.72,21.1,21.19,21.1,0.0681,1.8495,6.0645
2026-02-21T15:13:11.519784,movement_0_0_0_stairs,2.962,0.571,0.223,4.503,29.058,13.783,86.0,10.758,18.012,6.468,16.73,86.0,20.62,21.19,19.65,19.8,18.44,17.72,17.03,15.3,14.87,13.6,13.0,12.53,12.53,12.04,13.04,11.66,11.0,10.3,8.94,9.0,8.06,7.62,7.07,7.07,8.25,8.06,7.81,8.54,0.0,0.0,0.0,0.0,0.0,0.0,0.0,12.17,12.08,11.66,12.04,12.04,13.34,13.93,14.42,15.03,16.12,15.65,16.12,15.62,15.81,15.52,14.87,15.3,15.81,16.4,17.26,18.38,17.8,18.11,18.38,20.0,19.03,19.24,19.24,-0.0227,1.8671,6.2
2026-02-21T15:13:12.031785,movement_0_0_0_stairs,2.978,0.751,0.277,4.951,32.597,14.103,97.0,12.019,18.992,6.315,16.871,97.0,21.02,20.59,21.1,20.02,18.79,19.24,18.03,17.0,15.81,14.04,13.6,12.53,11.05,11.4,12.53,13.04,11.4,10.3,10.05,10.3,9.43,8.06,6.4,6.4,7.0,6.71,7.62,8.06,0.0,0.0,0.0,0.0,0.0,0.0,0.0,13.15,13.0,11.4,12.0,11.66,11.7,13.34,15.56,14.56,15.81,15.62,15.3,15.81,14.87,15.3,15.81,15.56,16.49,14.87,16.4,18.25,18.97,19.85,18.68,21.59,19.8,19.42,19.31,0.0626,1.8497,6.2064
2026-02-21T15:13:12.440492,movement_0_0_0_stairs,2.58,0.502,0.229,2.647,14.892,13.097,62.0,8.495,17.154,5.912,16.082,62.0,20.52,20.1,20.25,19.7,19.1,17.8,17.72,16.16,17.03,15.03,13.89,13.0,11.18,10.63,10.77,13.34,11.31,11.18,11.7,7.81,10.0,7.21,7.28,6.08,7.81,7.07,8.54,8.6,0.0,0.0,0.0,0.0,0.0,0.0,0.0,9.43,9.0,10.63,11.4,11.18,9.9,12.04,11.66,12.04,14.14,13.45,15.3,13.93,15.0,15.0,16.12,15.81,13.0,15.0,16.76,16.55,17.03,19.1,20.12,19.72,20.0,20.81,21.19,0.0928,1.9249,6.1783
2026-02-21T15:13:12.849855,movement_0_0_0_stairs,2.567,0.542,0.296,3.081,17.674,10.486,54.0,7.268,14.028,4.527,12.794,54.0,17.12,16.28,15.52,14.87,15.0,15.0,13.89,13.42,13.15,11.66,10.77,10.44,8.6,10.05,9.85,8.54,10.05,9.43,8.94,8.0,7.21,5.1,5.83,5.0,7.0,3.61,5.1,8.06,0.0,0.0,0.0,0.0,0.0,0.0,0.0,7.07,8.06,7.07,7.28,8.49,10.2,9.85,9.85,9.06,9.9,9.22,9.85,11.66,11.18,12.21,13.0,12.17,12.73,11.7,13.0,13.6,13.0,14.42,16.16,16.49,17.69,17.26,17.46,0.1363,1.9289,6.1835
2026-02-21T15:13:13.260910,movement_0_0_0_stairs,2.876,1.398,1.647,3.589,21.846,18.209,101.0,13.172,18.962,11.172,24.209,101.0,26.42,25.02,23.43,21.93,19.65,18.38,16.12,16.55,15.0,13.15,13.42,12.21,13.04,10.44,9.9,9.85,8.0,8.06,7.62,9.0,10.82,11.18,13.15,15.0,15.23,15.81,16.4,16.03,0.0,0.0,0.0,0.0,0.0,0.0,0.0,19.65,19.92,21.1,20.02,19.42,20.88,22.14,24.41,23.02,23.71,22.47,22.2,22.02,22.8,22.14,23.43,23.19,25.06,24.7,25.02,24.7,24.17,25.18,24.84,25.96,26.25,27.02,28.16,0.1531,1.7914,6.1305
2026-02-21T15:13:13.567675,movement_0_0_0_stairs,2.898,0.893,0.479,5.725,39.157,14.577,121.0,14.777,20.44,6.131,17.042,121.0,21.54,22.02,21.38,22.14,19.1,18.97,17.72,17.8,17.46,15.03,15.26,14.42,12.0,11.7,11.66,11.05,11.66,8.6,9.49,9.22,8.94,7.62,7.0,8.06,7.07,6.32,6.08,5.0,0.0,0.0,0.0,0.0,0.0,0.0,0.0,12.04,12.04,11.7,12.17,12.04,12.65,13.34,14.14,15.81,15.3,15.81,15.65,17.03,16.64,16.64,14.14,16.76,15.0,16.28,16.76,16.28,18.03,18.44,19.72,20.59,21.02,20.12,21.4,-0.0676,1.8169,6.0858
2026-02-21T15:13:14.078754,movement_0_0_0_stairs,2.842,0.904,0.751,5.189,34.58,13.95,104.0,12.874,17.784,6.186,17.701,104.0,19.21,18.97,18.44,19.1,16.28,15.81,14.87,13.34,13.42,13.89,13.04,12.21,11.7,12.04,11.66,11.18,11.0,8.6,7.62,7.07,7.07,6.32,6.08,5.83,6.32,6.08,5.0,5.39,0.0,0.0,0.0,0.0,0.0,0.0,0.0,13.42,13.34,14.21,13.04,13.04,14.76,16.28,15.56,17.26,18.03,18.03,19.03,17.49,16.55,16.12,15.56,14.56,16.76,16.97,17.26,18.03,18.6,20.22,18.03,20.0,21.02,18.36,19.7,-0.0462,1.8803,6.2
2026-02-21T15:13:14.385858,movement_0_0_0_stairs,2.731,0.898,0.831,0.878,5.205,25.188,89.0,13.952,30.019,12.054,33.114,89.0,39.2,36.69,36.24,36.88,34.54,31.24,31.26,32.02,28.32,25.71,25.96,21.26,24.52,23.09,18.38,23.09,22.56,17.69,17.46,15.3,14.21,17.0,11.18,11.66,14.87,11.05,11.4,10.44,0.0,0.0,0.0,0.0,0.0,0.0,0.0,23.02,24.19,23.77,25.32,25.61,29.41,31.05,29.73,29.61,31.95,34.21,33.24,31.3,28.84,32.14,30.87,30.81,31.26,30.87,35.61,35.06,32.31,36.12,37.85,37.34,35.38,36.88,36.06,0.182,1.8047,6.0597
2026-02-21T15:13:15.001115,movement_0_0_0_stairs,2.677,0.996,0.634,4.287,27.217,15.643,98.0,12.452,20.07,6.864,19.798,98.0,23.02,22.8,21.54,22.36,19.85,18.25,18.79,18.87,17.03,17.2,15.65,14.04,13.89,13.42,11.7,10.63,12.04,11.66,11.66,9.06,10.0,8.94,7.0,6.71,6.71,6.08,5.83,6.32,0.0,0.0,0.0,0.0,0.0,0.0,0.0,12.37,12.81,14.04,15.0,14.87,17.46,17.03,18.11,18.36,19.24,18.25,19.1,18.25,18.79,18.87,19.0,18.87,20.12,20.02,20.25,19.7,19.42,20.52,19.92,22.14,22.8,23.09,23.71,0.1814,1.8137,6.1725
2026-02-21T15:13:15.410242,movement_0_0_0_stairs,2.816,1.904,2.416,1.508,7.487,21.002,87.0,13.258,22.556,10.845,29.212,87.0,33.24,30.89,28.18,27.17,25.24,25.94,24.08,21.95,20.59,18.11,17.0,15.81,16.03,14.32,13.04,12.17,11.18,12.21,10.05,9.49,11.31,8.94,10.05,8.54,9.22,8.94,10.77,10.63,0.0,0.0,0.0,0.0,0.0,0.0,0.0,24.74,24.7,24.21,25.08,25.06,25.55,26.02,27.8,26.57,28.86,27.59,29.83,29.12,27.66,27.29,27.51,26.87,26.93,27.2,28.32,28.86,29.41,31.14,30.41,32.57,35.38,32.76,34.54,-0.0581,1.8646,6.2
2026-02-21T15:13:15.819211,movement_0_0_0_stairs,3.049,1.438,1.203,1.069,5.161,20.468,76.0,12.079,25.767,8.434,26.897,76.0,34.0,32.14,33.3,32.02,29.41,27.8,26.02,24.7,24.17,23.35,21.93,21.59,21.19,20.0,19.03,17.89,15.65,14.32,13.45,13.15,11.18,10.3,11.0,10.3,8.94,8.0,8.06,8.06,0.0,0.0,0.0,0.0,0.0,0.0,0.0,16.28,16.28,17.09,16.12,17.12,18.38,19.24,20.59,22.36,24.33,24.08,25.71,24.35,24.41,23.0,24.41,25.3,26.93,27.59,28.44,29.15,29.68,30.0,31.06,32.7,31.78,33.24,33.38,-0.082,1.842,6.1897
2026-02-21T15:13:16.229109,movement_0_0_0_stairs,2.996,0.98,0.572,4.446,27.86,14.504,102.0,13.149,17.457,6.309,19.509,102.0,25.0,20.4,21.84,19.21,19.24,16.0,14.87,14.21,16.16,12.04,9.85,11.18,13.04,4.12,9.22,7.0,6.32,8.49,7.81,8.6,8.06,5.66,4.24,7.28,7.62,4.12,6.08,6.32,0.0,0.0,0.0,0.0,0.0,0.0,0.0,14.14,10.77,13.6,15.03,13.93,15.62,14.32,18.11,15.26,16.12,19.03,18.36,19.7,16.0,16.55,20.52,21.59,20.1,21.95,21.63,22.36,20.62,19.8,19.92,21.21,23.02,23.02,20.0,0.0917,1.8465,6.1835
2026-02-21T15:13:16.639339,movement_0_0_0_stairs,3.008,1.209,1.438,1.355,5.73,24.458,103.0,16.564,25.823,10.584,36.399,103.0,36.8,36.12,31.32,33.24,31.02,32.02,26.4,26.91,23.77,19.65,18.6,15.62,16.49,18.0,12.21,11.31,13.34,8.25,13.89,14.32,10.2,8.25,9.22,8.06,9.22,9.0,5.83,12.04,0.0,0.0,0.0,0.0,0.0,0.0,0.0,31.3,24.19,21.59,24.02,24.76,24.6,29.43,26.63,34.99,35.17,31.95,36.77,34.48,32.25,34.13,35.36,34.06,37.34,37.48,39.4,40.05,37.7,35.51,43.74,38.33,43.83,41.15,41.05,0.0275,1.9062,6.2332
2026-02-21T15:13:17.048801,movement_0_0_0_stairs,2.868,1.382,1.731,4.158,25.367,9.553,63.0,8.21,14.027,3.794,10.779,63.0,19.21,15.23,15.52,14.21,15.03,12.53,13.0,10.0,12.73,14.04,9.85,12.08,12.0,8.6,8.06,9.22,7.81,5.0,9.43,8.0,8.06,5.83,2.83,5.83,5.0,3.0,2.0,3.16,0.0,0.0,0.0,0.0,0.0,0.0,0.0,10.05,7.21,5.0,8.06,8.54,5.1,6.4,8.06,10.0,7.62,7.28,7.21,11.7,8.25,5.83,10.2,8.06,10.3,13.6,11.31,13.0,13.6,14.14,13.15,13.42,15.23,14.56,14.21,-0.1142,1.7352,6.1588
2026-02-21T15:13:17.459166,movement_0_0_0_stairs,2.956,1.371,1.588,5.41,36.592,15.229,115.0,14.077,20.252,6.745,18.533,115.0,22.02,20.62,21.02,20.59,19.42,18.25,17.72,16.28,16.16,15.13,13.89,13.04,13.04,13.0,12.81,12.37,12.37,11.4,11.18,10.0,8.94,7.81,8.25,7.28,6.4,6.32,6.08,6.4,0.0,0.0,0.0,0.0,0.0,0.0,0.0,12.81,13.04,13.42,13.6,15.13,16.16,16.28,17.46,17.46,17.03,17.09,17.26,17.8,16.55,17.03,17.49,18.03,17.26,18.68,19.1,19.7,20.0,20.12,20.0,20.4,20.88,21.21,20.88,0.0874,1.8438,6.2356
2026-02-21T15:13:17.869069,movement_0_0_0_stairs,3.069,1.245,0.697,4.0,24.857,13.991,84.0,10.811,18.879,6.28,16.686,84.0,22.2,23.35,21.54,22.02,19.24,17.89,16.12,18.0,17.0,15.81,16.12,14.76,14.42,13.04,12.08,12.21,11.05,8.94,8.6,8.06,7.81,5.83,5.0,6.71,6.4,7.21,6.0,5.0,0.0,0.0,0.0,0.0,0.0,0.0,0.0,13.04,12.17,12.73,14.32,15.52,14.14,16.49,14.87,14.87,13.04,14.76,14.32,15.03,16.64,16.12,15.03,16.16,16.4,16.03,15.81,17.03,17.46,19.31,18.38,19.42,19.31,19.21,21.38,0.2084,1.8881,6.0226
2026-02-21T15:13:18.278349,movement_0_0_0_stairs,2.83,1.128,0.685,0.5,3.378,26.091,85.0,14.065,32.33,11.873,33.707,85.0,42.19,40.25,38.59,38.05,36.24,34.79,34.48,34.06,33.24,30.46,29.41,27.02,27.46,25.5,23.19,22.67,20.4,19.31,18.6,18.03,17.0,14.76,14.0,12.53,10.82,11.05,10.82,11.18,0.0,0.0,0.0,0.0,0.0,0.0,0.0,23.09,22.63,23.19,23.71,26.4,28.16,29.0,28.86,30.68,30.23,31.0,30.81,31.02,31.78,31.89,32.39,32.31,33.42,33.06,34.44,34.99,35.01,35.23,35.78,38.47,38.21,40.26,42.72,0.1605,1.8051,6.1764
2026-02-21T15:13:18.687204,movement_0_0_0_stairs,2.392,0.523,0.505,4.588,29.595,14.372,96.0,12.103,18.349,6.436,18.149,96.0,20.62,20.52,20.62,16.76,17.69,17.26,18.25,15.56,18.38,15.03,14.32,13.6,12.04,12.08,9.43,10.05,10.3,9.22,9.06,8.54,7.81,6.32,6.0,6.32,5.0,5.0,6.0,6.4,0.0,0.0,0.0,0.0,0.0,0.0,0.0,13.6,14.56,15.0,15.13,13.0,15.0,15.0,16.12,17.49,17.03,18.03,18.87,19.03,18.79,17.2,17.26,15.81,16.28,17.46,17.72,17.69,18.38,18.11,20.25,19.42,20.4,21.54,21.4,-0.0165,1.8122,6.1725
2026-02-21T15:13:19.096613,movement_0_0_0_stairs,2.423,0.424,0.471,3.562,21.395,13.401,74.0,9.688,17.581,5.842,16.628,74.0,21.1,21.93,20.81,20.02,18.38,17.2,16.0,15.26,14.42,15.03,12.53,13.42,14.0,12.08,13.6,10.44,11.7,9.22,9.49,8.54,6.4,7.28,7.28,7.07,7.28,7.28,7.21,7.28,0.0,0.0,0.0,0.0,0.0,0.0,0.0,10.05,8.49,10.2,11.4,12.81,12.65,13.93,14.14,14.32,13.93,12.81,14.14,14.32,15.81,15.03,14.76,16.64,16.03,17.46,18.6,18.25,18.38,17.8,19.42,20.25,19.21,19.1,21.47,0.1557,1.8808,6.0049
2026-02-21T15:13:19.507049,movement_0_0_0_stairs,2.877,0.896,0.561,-0.457,-0.76,21.023,37.736,10.862,21.106,10.819,30.685,8.0,37.74,34.13,33.24,33.24,25.5,25.61,25.06,26.63,24.19,22.02,19.7,15.0,18.03,15.3,19.65,13.0,12.17,13.42,11.18,10.44,13.0,12.0,15.13,10.44,15.52,13.0,12.37,10.44,0.0,0.0,0.0,0.0,0.0,0.0,0.0,19.1,19.1,18.25,20.88,23.77,24.19,23.6,24.84,26.91,26.25,27.66,27.78,29.15,29.55,31.32,29.73,32.57,29.43,31.06,31.14,30.07,32.02,33.14,35.23,36.5,34.48,36.4,36.24,1.6608,1.2679,6.0382
2026-02-21T15:13:19.915439,movement_0_0_0_stairs,2.55,0.644,0.366,5.499,37.164,12.591,97.0,11.866,17.713,5.625,14.352,97.0,20.0,17.72,18.25,15.62,15.52,16.16,14.76,16.12,13.89,16.12,13.0,14.42,12.21,12.0,10.0,10.77,10.2,9.22,9.49,9.49,8.6,10.3,7.28,7.21,8.06,7.62,6.4,5.1,0.0,0.0,0.0,0.0,0.0,0.0,0.0,9.06,8.49,9.06,8.94,12.81,9.22,11.7,10.82,12.04,9.43,10.77,10.77,14.76,11.18,13.6,16.28,13.6,12.65,13.45,14.56,13.6,16.4,18.03,17.0,18.03,19.0,18.36,19.7,0.1793,1.873,5.9847
2026-02-21T15:13:20.325364,movement_0_0_0_stairs,2.055,0.577,0.408,3.632,21.515,13.689,79.0,10.422,17.9,5.599,17.39,79.0,23.09,22.2,21.19,20.62,19.1,18.11,16.55,15.65,15.03,13.6,13.93,14.32,12.73,12.37,12.65,10.63,10.05,8.94,8.06,8.06,7.81,7.62,7.07,7.21,6.71,7.07,6.4,5.39,0.0,0.0,0.0,0.0,0.0,0.0,0.0,10.05,10.3,9.85,10.44,10.63,11.05,12.21,13.0,14.32,14.87,15.3,15.23,15.26,15.0,15.0,15.81,16.49,17.03,18.25,19.7,19.42,19.0,19.72,20.62,21.21,20.52,21.38,23.26,-0.1479,1.8087,6.1964
2026-02-21T15:13:20.735690,movement_0_0_0_stairs,2.122,0.365,0.173,1.186,6.575,13.793,51.0,7.755,16.656,6.463,18.058,51.0,23.32,19.31,20.22,19.03,18.44,17.46,17.2,14.87,16.64,13.6,14.14,14.0,13.15,12.65,12.53,10.63,12.04,10.82,9.49,9.22,9.0,8.06,8.25,7.62,7.21,7.07,6.4,6.71,0.0,0.0,0.0,0.0,0.0,0.0,0.0,12.0,12.37,11.66,12.73,13.04,13.6,14.14,15.13,15.81,15.81,16.97,16.64,17.09,17.26,17.0,17.12,17.72,17.49,18.6,18.44,19.42,18.79,18.97,20.1,20.02,20.62,21.93,22.2,0.1605,1.9677,6.1661
2026-02-21T15:13:21.144877,movement_0_0_0_stairs,3.004,0.565,0.268,0.539,3.573,26.788,87.0,14.27,32.471,12.963,34.56,87.0,42.19,42.06,40.82,39.2,37.01,34.79,34.21,33.97,32.39,28.79,28.6,26.17,24.6,24.19,24.08,21.95,21.54,19.65,17.8,20.88,15.3,19.85,14.32,12.65,13.6,14.04,13.04,12.04,0.0,0.0,0.0,0.0,0.0,0.0,0.0,25.63,25.81,26.0,26.08,25.71,28.16,28.28,28.28,30.89,30.41,31.26,31.14,31.05,31.62,32.02,32.25,33.11,34.41,35.06,37.12,36.72,36.06,37.44,36.77,40.61,40.36,42.45,43.01,0.1377,1.8096,6.0858
2026-02-21T15:13:21.555280,movement_0_0_0_stairs,2.79,0.468,0.289,4.164,26.13,15.29,93.0,11.862,20.055,6.686,18.953,93.0,24.0,22.83,23.26,21.1,20.25,21.19,17.26,16.97,18.44,16.16,15.81,15.03,13.42,14.42,14.0,12.53,12.53,10.05,9.43,9.49,9.22,7.81,8.25,8.25,6.4,7.62,7.28,7.81,0.0,0.0,0.0,0.0,0.0,0.0,0.0,13.42,13.89,11.05,12.73,12.37,14.32,15.26,16.0,16.64,18.03,18.44,16.97,16.76,16.16,17.2,17.0,18.36,18.36,19.0,20.81,20.12,20.0,20.81,21.19,20.62,22.67,22.8,23.77,0.1609,1.8376,6.0382
2026-02-21T15:13:21.963886,movement_0_0_0_stairs,2.847,0.617,0.277,4.123,25.847,14.709,89.0,11.369,19.204,6.461,18.293,89.0,23.09,21.47,21.47,21.0,20.0,17.46,18.11,17.03,17.09,16.28,14.14,13.34,13.0,12.21,13.04,13.42,12.21,11.0,10.44,8.49,8.06,7.81,6.4,7.0,6.4,6.71,7.07,7.21,0.0,0.0,0.0,0.0,0.0,0.0,0.0,13.45,12.37,13.34,12.81,13.15,13.89,14.76,16.03,14.87,16.76,17.09,17.2,16.03,17.46,16.64,16.03,17.0,17.49,18.03,18.6,19.7,20.1,20.62,21.93,21.21,22.67,21.59,20.62,0.0203,1.8774,6.1835
2026-02-21T15:13:22.373272,movement_0_0_0_stairs,2.542,0.544,0.528,4.212,26.541,14.892,92.0,11.727,19.482,6.492,18.529,92.0,22.02,22.2,21.54,21.21,19.85,20.25,18.44,19.1,16.76,15.52,14.87,14.14,13.0,13.6,12.0,11.18,12.21,11.05,8.94,9.22,8.0,7.62,7.28,6.08,6.4,6.71,7.0,7.21,0.0,0.0,0.0,0.0,0.0,0.0,0.0,12.81,13.04,13.42,12.53,14.04,14.21,14.56,14.87,16.4,17.03,16.55,18.79,18.03,18.03,17.46,17.12,17.03,17.09,17.46,19.1,19.65,19.92,20.52,20.62,21.59,21.93,22.36,21.54,0.1238,1.8811,6.1413
2026-02-21T15:13:23.192323,movement_0_0_0_stairs,2.287,0.58,0.343,0.297,1.811,13.353,41.0,7.321,16.541,6.098,17.235,41.0,24.33,22.0,21.38,20.62,20.25,19.1,18.6,16.55,17.09,16.28,14.0,14.56,13.0,10.82,11.4,10.82,10.3,9.22,8.06,8.0,8.06,8.06,5.66,7.07,6.4,4.47,5.66,5.0,0.0,0.0,0.0,0.0,0.0,0.0,0.0,12.08,12.73,12.81,13.42,13.6,13.04,15.13,14.87,14.42,14.87,15.81,17.09,16.28,16.03,15.3,14.32,16.4,15.56,17.2,17.46,17.72,18.11,19.1,18.68,19.7,21.4,22.63,21.1,-0.2155,1.5859,6.095
2026-02-21T15:13:23.253999,movement_0_0_0_stairs,2.461,0.575,0.321,3.173,18.649,14.245,74.0,9.859,18.03,6.39,18.128,74.0,23.32,22.0,20.81,20.25,18.44,17.69,17.12,17.0,17.49,16.0,14.42,14.32,13.04,12.04,11.7,10.44,10.63,9.06,9.43,9.43,9.0,8.06,8.06,8.0,6.71,6.71,7.0,6.4,0.0,0.0,0.0,0.0,0.0,0.0,0.0,12.53,11.18,12.04,12.04,13.04,13.42,15.13,15.62,15.52,16.16,16.4,16.0,15.81,16.16,16.76,16.97,17.46,18.03,18.44,20.1,18.79,19.72,20.02,20.25,20.25,20.62,21.26,23.35,0.2062,1.797,6.1506
2026-02-21T15:13:23.603372,movement_0_0_0_stairs,2.773,0.558,0.349,4.681,30.384,14.703,97.0,12.129,19.219,6.82,17.918,97.0,22.02,20.62,20.25,19.24,19.1,17.72,19.65,15.56,17.72,17.12,15.26,13.42,12.04,12.73,9.22,9.85,12.73,11.18,11.18,10.0,9.49,8.25,9.22,7.62,6.08,5.66,7.28,6.32,0.0,0.0,0.0,0.0,0.0,0.0,0.0,12.04,13.89,13.89,14.04,14.21,15.23,14.14,14.87,13.34,17.09,15.81,17.12,17.89,18.03,17.03,16.55,15.81,17.12,16.55,18.6,18.11,19.72,18.79,20.1,22.83,23.02,21.1,20.59,0.1036,1.858,6.1033
2026-02-21T15:13:24.114982,movement_0_0_0_stairs,2.362,0.54,0.558,4.341,27.655,13.355,82.0,10.343,17.62,6.189,16.124,82.0,20.62,21.19,20.4,19.1,17.46,17.0,16.4,16.03,15.65,13.04,12.0,12.81,10.77,12.17,12.21,12.65,11.18,8.6,10.2,8.54,6.4,7.07,7.81,5.83,8.06,8.6,7.21,8.06,0.0,0.0,0.0,0.0,0.0,0.0,0.0,12.08,11.05,12.04,11.05,11.66,13.04,13.04,14.87,14.32,14.32,15.81,14.04,14.42,15.0,15.03,13.04,14.76,15.3,16.28,16.49,17.46,17.69,18.44,19.42,19.1,18.25,18.79,18.87,-0.0303,1.8637,6.118
2026-02-21T15:13:24.523962,movement_0_0_0_stairs,2.853,0.651,0.301,4.31,26.826,15.018,97.0,12.434,20.692,6.289,17.935,97.0,24.17,24.08,21.4,23.77,20.62,19.85,20.62,18.25,17.69,19.31,16.28,16.28,14.56,13.15,14.14,11.7,11.7,9.9,10.2,9.85,9.9,9.49,9.22,6.4,6.32,6.08,6.4,6.32,0.0,0.0,0.0,0.0,0.0,0.0,0.0,9.85,11.05,12.81,11.7,12.37,14.14,11.7,14.04,14.21,12.04,14.76,14.21,15.13,17.46,16.64,17.12,17.46,17.03,17.12,17.09,17.2,20.1,19.24,23.02,26.08,23.71,24.19,25.02,0.0421,1.8566,6.1925
2026-02-21T15:13:24.933439,movement_0_0_0_stairs,2.623,0.637,0.312,4.218,26.534,13.874,84.0,10.668,19.412,5.849,16.247,84.0,21.26,20.88,21.38,21.93,19.92,20.4,17.69,16.28,16.28,16.97,14.56,14.56,12.81,13.34,13.93,14.21,13.6,11.4,12.21,10.05,8.54,9.22,9.0,7.21,8.6,8.06,8.06,7.21,0.0,0.0,0.0,0.0,0.0,0.0,0.0,10.3,8.54,8.25,10.0,9.06,10.77,11.66,14.14,12.08,13.89,15.03,14.42,14.32,14.04,14.21,13.93,15.0,16.4,17.0,18.0,18.36,19.24,18.11,18.87,18.87,19.0,20.25,20.62,0.1968,1.8639,6.095
2026-02-21T15:13:25.343095,movement_0_0_0_stairs,2.889,0.947,0.469,3.539,21.315,11.623,63.0,8.223,14.912,5.562,14.269,63.0,19.1,17.03,18.03,16.28,16.0,14.32,14.56,14.42,14.42,12.04,12.08,9.49,10.05,10.0,9.22,9.49,8.94,9.22,7.21,8.25,6.32,7.07,6.08,6.32,5.83,8.49,6.4,7.62,0.0,0.0,0.0,0.0,0.0,0.0,0.0,10.44,9.0,10.05,10.2,11.66,11.31,12.04,12.08,13.15,11.05,11.7,13.04,12.21,11.66,12.65,14.32,12.0,12.17,14.56,15.65,15.62,17.03,16.55,18.03,16.76,16.12,18.44,17.09,0.2018,1.6316,5.8559
2026-02-21T15:13:26.162446,movement_0_0_0_stairs,3.056,2.853,2.722,2.277,12.843,23.696,105.0,14.608,26.266,12.608,31.828,105.0,35.51,34.13,31.38,29.83,28.86,26.93,24.76,23.09,22.2,20.81,20.59,19.0,17.46,17.69,17.09,17.12,17.0,14.42,14.14,14.56,14.14,14.56,14.32,15.62,13.93,15.03,16.64,16.55,0.0,0.0,0.0,0.0,0.0,0.0,0.0,23.32,22.14,23.02,25.0,26.4,24.08,26.63,27.73,28.02,28.84,29.97,31.06,30.0,30.02,32.06,29.53,33.02,33.38,31.95,33.97,33.24,32.76,32.65,32.7,35.36,35.0,35.34,37.0,0.0542,1.9158,6.2397
2026-02-21T15:13:26.220168,movement_0_0_0_stairs,2.979,1.498,0.654,3.914,24.09,11.725,68.0,8.754,15.477,5.341,14.237,68.0,17.8,18.25,18.38,18.6,17.03,15.65,15.26,13.04,14.21,9.85,11.7,11.4,11.18,11.7,11.4,11.4,8.54,7.81,7.07,6.71,5.83,7.07,7.21,6.32,7.07,6.32,7.62,7.07,0.0,0.0,0.0,0.0,0.0,0.0,0.0,9.49,8.54,9.9,10.0,8.94,10.77,11.7,11.4,10.44,12.53,12.81,13.0,13.04,13.0,12.17,12.04,13.34,14.56,15.0,16.12,15.23,16.28,16.12,17.0,18.03,16.12,15.81,17.46,0.0005,1.8748,6.1413
2026-02-21T15:13:26.572816,movement_0_0_0_stairs,2.884,0.817,0.459,4.486,28.372,13.903,93.0,11.841,17.982,5.613,17.922,93.0,22.02,20.62,19.24,19.03,18.44,17.46,17.03,17.2,15.26,13.15,11.66,12.37,12.04,10.82,10.77,11.0,10.3,8.6,9.06,8.54,8.49,5.1,6.08,5.0,7.28,6.32,7.21,7.28,0.0,0.0,0.0,0.0,0.0,0.0,0.0,11.18,11.66,10.82,10.05,10.63,10.77,12.37,13.6,15.3,15.81,15.0,17.26,16.16,15.62,17.26,17.0,16.64,18.03,19.24,18.03,21.0,18.79,20.81,22.02,21.93,20.81,21.02,20.59,0.2087,1.8394,6.2306
2026-02-21T15:13:26.981816,movement_0_0_0_stairs,2.419,0.715,0.815,1.23,6.819,25.545,96.0,14.555,31.58,12.05,32.665,96.0,39.32,39.4,38.42,37.34,36.24,34.67,33.02,29.41,29.55,29.02,27.78,26.4,24.08,26.63,23.77,23.19,20.62,18.79,15.13,14.42,14.76,12.17,11.66,12.08,13.04,13.89,13.6,14.0,0.0,0.0,0.0,0.0,0.0,0.0,0.0,23.71,25.18,21.93,24.33,25.5,27.2,27.02,30.02,29.53,29.07,30.0,30.08,28.64,31.14,28.86,30.81,29.0,31.32,32.76,32.56,34.79,35.69,35.38,34.21,37.11,41.01,37.85,41.79,0.0081,1.8621,6.2064
2026-02-21T15:13:27.391316,movement_0_0_0_stairs,2.801,0.595,0.263,4.667,30.01,13.341,91.0,11.477,18.693,5.511,15.705,91.0,19.65,22.67,20.4,18.79,19.42,19.03,18.87,17.49,16.03,15.65,13.04,14.0,12.21,10.77,13.15,10.63,11.4,10.2,9.22,8.94,6.71,7.07,4.47,5.39,4.47,5.0,6.08,6.71,0.0,0.0,0.0,0.0,0.0,0.0,0.0,11.0,11.18,11.7,12.04,12.21,11.7,12.37,11.4,13.15,13.04,13.42,15.0,14.76,15.65,14.0,13.93,15.26,15.03,15.0,15.65,16.12,17.2,17.0,18.03,18.87,20.12,19.24,21.26,0.1231,1.8702,6.2277
2026-02-21T15:13:27.803005,movement_0_0_0_stairs,2.558,0.517,0.412,5.469,36.657,14.346,119.0,14.756,19.388,5.635,17.848,119.0,21.19,18.03,22.02,20.62,19.72,19.24,19.1,16.03,13.93,12.81,14.0,12.65,9.49,12.17,12.04,10.77,11.4,8.6,7.28,7.07,7.07,7.0,6.4,4.24,4.24,7.07,7.0,6.08,0.0,0.0,0.0,0.0,0.0,0.0,0.0,10.0,11.4,10.44,11.18,12.21,14.0,13.6,15.23,13.6,13.6,14.0,15.26,15.81,17.26,15.56,18.25,18.68,18.6,17.12,17.89,16.16,18.11,19.85,22.56,23.77,22.02,21.02,24.7,0.2137,1.9205,6.1266
2026-02-21T15:13:28.210671,movement_0_0_0_stairs,2.61,0.628,0.372,2.444,13.686,20.896,95.0,13.126,25.792,10.012,26.611,95.0,33.42,30.41,33.54,31.62,28.16,27.29,26.42,25.32,20.25,22.85,20.1,19.24,17.2,17.03,16.64,15.0,17.46,14.56,14.87,15.23,14.32,10.82,13.0,12.04,14.87,14.56,11.4,13.45,0.0,0.0,0.0,0.0,0.0,0.0,0.0,17.03,17.46,16.16,16.12,21.0,18.03,22.14,22.09,23.43,24.7,23.54,24.21,20.4,24.19,25.5,23.77,23.54,26.87,25.71,27.2,30.0,31.58,29.27,31.14,32.02,31.05,32.53,30.59,0.0867,1.8487,6.1925
2026-02-21T15:13:28.620137,movement_0_0_0_stairs,2.817,0.705,0.286,4.009,25.283,13.199,75.0,9.512,17.331,6.343,15.797,75.0,19.7,18.03,19.0,18.36,17.0,16.03,17.2,16.55,17.0,14.76,14.32,12.04,11.66,11.4,12.37,11.31,10.2,12.17,10.0,9.85,8.06,7.81,7.28,8.0,7.81,7.62,7.28,8.6,0.0,0.0,0.0,0.0,0.0,0.0,0.0,11.0,12.04,10.44,12.37,12.73,12.17,12.53,13.04,12.04,12.81,14.56,15.52,14.14,15.81,15.52,14.21,14.87,15.3,14.87,16.12,15.23,16.4,18.25,18.97,19.1,19.42,18.97,19.85,0.0311,1.8782,6.2208
2026-02-21T15:13:29.030727,movement_0_0_0_stairs,2.715,0.617,0.392,5.605,38.147,13.069,103.0,12.565,19.055,5.535,14.546,103.0,19.42,19.1,18.44,18.68,17.69,17.46,17.46,16.97,16.76,15.52,15.0,13.93,13.15,12.81,11.4,11.4,11.31,10.44,10.2,10.0,9.85,8.06,8.06,7.21,6.08,5.83,5.83,7.0,0.0,0.0,0.0,0.0,0.0,0.0,0.0,10.0,10.0,9.43,9.43,10.0,9.43,9.85,11.05,11.4,12.08,13.04,13.6,13.42,13.0,13.89,13.04,13.04,13.42,14.42,15.03,14.76,15.81,16.28,18.03,18.38,18.68,18.68,19.1,-0.0344,1.8109,6.2064
2026-02-21T15:13:29.448870,movement_0_0_0_stairs,3.167,1.489,0.671,-0.388,-0.029,11.115,26.0,5.597,13.171,5.122,14.873,26.0,19.1,16.76,18.36,15.0,14.87,14.42,15.52,13.34,13.04,13.6,11.7,12.65,10.3,9.22,10.63,10.0,8.25,8.06,6.71,9.06,5.1,6.0,5.39,6.32,4.12,5.39,7.07,6.4,0.0,0.0,0.0,0.0,0.0,0.0,0.0,8.54,9.06,9.0,10.44,12.53,12.21,12.04,13.6,13.0,13.6,14.04,14.04,13.34,13.42,12.81,12.73,15.26,14.32,13.93,16.12,16.12,15.52,15.23,17.49,16.28,17.2,17.46,19.65,-0.4175,1.8591,5.9917
2026-02-21T15:13:29.848372,movement_0_0_0_stairs,2.975,0.814,0.731,5.906,40.749,8.122,70.0,8.512,9.59,5.183,9.528,70.0,11.4,6.71,10.3,8.25,6.08,10.77,10.63,8.06,6.0,5.39,5.83,5.0,2.83,5.83,7.07,2.24,5.1,4.12,4.12,5.66,6.32,7.07,7.81,7.28,8.25,6.4,6.0,5.1,0.0,0.0,0.0,0.0,0.0,0.0,0.0,8.06,11.18,7.81,10.05,7.21,10.3,11.18,7.07,7.28,6.71,9.0,10.3,8.54,9.9,7.07,8.54,11.18,10.0,10.77,10.0,6.4,9.22,9.22,10.82,8.06,11.4,13.6,13.34,-0.083,1.8809,6.1588
2026-02-21T15:13:30.258194,movement_0_0_0_stairs,3.091,1.7,1.229,0.097,1.985,12.145,34.0,5.989,13.859,6.71,15.696,34.0,19.24,18.36,17.49,17.26,16.4,15.03,16.12,15.23,13.04,11.66,11.4,10.44,9.43,10.05,10.0,10.3,10.05,9.22,8.25,8.06,9.9,9.06,8.06,7.62,8.54,9.43,9.0,10.0,0.0,0.0,0.0,0.0,0.0,0.0,0.0,10.44,11.18,10.44,11.31,12.04,13.89,14.32,13.04,13.45,14.14,13.6,14.87,13.34,14.21,12.04,15.26,15.23,14.04,15.56,16.28,14.87,14.76,16.03,18.44,20.4,20.12,21.1,20.22,0.1603,1.9041,6.2
2026-02-21T15:13:30.667626,movement_0_0_0_stairs,3.052,1.232,0.522,0.833,5.014,22.032,74.0,11.572,27.542,10.855,27.44,74.0,35.36,34.66,33.73,32.89,30.0,30.02,28.3,26.83,25.18,22.67,22.8,21.84,20.62,22.2,21.93,20.81,20.02,18.87,18.38,17.26,16.28,15.3,15.65,15.26,15.0,14.42,14.32,14.14,0.0,0.0,0.0,0.0,0.0,0.0,0.0,18.11,17.69,17.72,18.03,18.03,18.0,20.25,20.25,20.88,22.8,24.02,24.7,24.6,25.18,24.84,25.3,25.0,26.25,27.17,29.07,29.53,31.06,32.2,33.24,34.93,33.3,34.23,34.89,-0.0237,1.907,6.2188
2026-02-21T15:13:31.078870,movement_0_0_0_stairs,2.93,0.756,0.369,5.017,32.955,12.644,91.0,11.329,17.279,5.306,15.223,91.0,19.8,20.4,18.68,17.69,16.28,14.87,15.62,15.03,15.23,14.21,13.15,13.0,12.04,11.18,11.4,10.63,9.22,8.54,7.81,7.07,6.71,6.4,6.08,6.32,5.66,5.83,6.0,5.83,0.0,0.0,0.0,0.0,0.0,0.0,0.0,9.43,9.0,10.0,10.77,11.18,12.21,13.0,12.17,12.21,12.65,12.37,12.73,13.15,13.93,14.21,14.32,14.56,15.56,15.52,16.28,16.28,15.81,17.26,17.03,17.72,18.44,19.1,20.62,0.0875,1.8849,6.1033
2026-02-21T15:13:31.487592,movement_0_0_0_stairs,2.594,0.823,0.615,2.13,10.93,16.922,77.0,11.155,20.637,7.453,22.415,77.0,24.74,25.24,29.02,26.25,25.96,19.42,19.21,18.44,15.13,15.0,15.0,14.87,12.81,15.81,13.89,12.37,13.89,13.04,13.15,13.15,12.81,8.94,7.0,9.85,3.61,8.06,8.94,7.28,0.0,0.0,0.0,0.0,0.0,0.0,0.0,18.6,10.44,14.56,11.31,17.09,18.03,23.26,15.3,12.81,17.72,25.08,18.38,24.74,18.68,26.08,25.5,19.42,21.84,25.0,17.2,23.77,20.81,26.08,24.02,25.5,25.3,26.93,29.73,-0.0224,1.8681,6.2415
2026-02-21T15:13:31.896424,movement_0_0_0_stairs,2.831,0.648,0.379,3.394,19.72,13.159,73.0,9.742,17.677,5.407,16.247,73.0,22.47,22.0,21.95,21.02,19.1,18.03,16.76,14.32,16.28,14.32,13.0,13.04,13.04,12.53,12.04,11.4,10.3,10.3,8.25,8.06,5.83,8.06,5.39,5.0,5.0,5.39,8.6,9.22,0.0,0.0,0.0,0.0,0.0,0.0,0.0,10.2,9.9,10.2,10.3,9.43,11.05,12.21,13.0,13.34,13.45,14.32,13.6,14.21,14.14,13.42,14.42,15.0,15.26,15.65,17.03,18.03,18.79,19.03,20.0,19.7,20.4,21.21,21.21,0.0571,1.8709,6.2244
2026-02-21T15:13:32.306410,movement_0_0_0_stairs,2.752,0.568,0.492,3.074,18.034,19.455,100.0,13.395,25.947,8.925,23.31,100.0,32.2,29.83,30.02,29.21,25.0,28.0,25.5,19.85,23.71,24.76,20.62,17.03,18.79,20.62,20.62,21.1,14.56,19.31,8.06,16.12,11.4,8.06,8.06,11.4,9.22,6.0,16.28,9.06,0.0,0.0,0.0,0.0,0.0,0.0,0.0,19.7,22.14,17.2,13.0,20.1,15.81,20.88,16.76,25.46,21.19,18.97,20.81,19.03,21.95,23.41,22.56,22.2,24.0,24.17,21.93,19.03,32.31,27.2,24.0,32.25,25.06,23.02,26.63,0.1441,1.8791,6.1725
2026-02-21T15:13:32.716989,movement_0_0_0_stairs,3.045,0.511,0.099,3.443,20.755,13.706,74.0,9.708,17.854,6.144,16.963,74.0,20.88,19.92,20.81,20.02,17.89,17.49,19.1,18.36,15.81,14.14,13.6,12.65,10.77,12.21,10.2,13.0,12.73,11.05,11.7,8.6,7.28,5.83,6.32,6.08,6.4,7.07,7.62,7.07,0.0,0.0,0.0,0.0,0.0,0.0,0.0,12.17,12.81,12.65,12.65,13.04,12.04,13.6,14.56,12.37,15.56,17.03,15.65,15.26,17.03,17.2,15.26,15.0,15.0,17.09,17.46,17.69,17.46,18.97,19.1,20.22,21.02,20.59,20.02,0.0194,1.9242,6.118
2026-02-21T15:13:33.125259,movement_0_0_0_stairs,2.84,0.706,0.313,4.607,29.72,14.486,94.0,11.78,19.017,6.575,17.714,94.0,23.35,21.59,21.54,20.62,19.03,17.89,16.64,15.03,15.81,16.55,14.04,13.89,13.42,13.04,13.04,11.18,11.05,9.22,9.22,9.22,8.49,8.54,8.06,8.49,6.71,8.0,6.71,7.62,0.0,0.0,0.0,0.0,0.0,0.0,0.0,11.4,11.4,12.0,12.53,13.0,15.13,15.0,16.76,16.28,15.56,14.14,15.65,15.81,17.0,16.4,15.65,18.03,17.49,18.36,19.0,18.87,18.79,18.11,18.6,19.31,20.4,21.93,22.56,-0.0542,1.8593,6.2277
2026-02-21T15:13:33.534499,movement_0_0_0_stairs,2.377,0.534,0.285,4.91,32.23,13.5,92.0,11.412,17.924,6.187,16.259,92.0,22.02,20.22,19.31,19.21,17.12,15.65,15.26,15.0,15.26,15.26,14.04,13.42,12.21,12.04,11.7,11.4,10.05,8.54,8.6,8.06,8.06,8.06,7.07,7.62,7.81,7.28,7.28,7.07,0.0,0.0,0.0,0.0,0.0,0.0,0.0,10.0,11.0,10.82,12.08,12.17,13.6,14.32,14.14,13.6,14.56,13.6,14.21,14.14,14.87,15.0,15.13,15.81,16.28,16.28,17.72,16.97,16.49,17.72,18.38,18.44,18.97,19.85,21.21,0.1553,1.8744,6.118
2026-02-21T15:13:33.945029,movement_0_0_0_stairs,2.638,0.516,0.307,4.436,28.325,13.967,88.0,11.092,18.296,6.361,17.095,88.0,23.09,21.4,20.62,20.22,17.03,16.76,16.76,16.4,16.0,13.6,14.76,14.04,13.6,12.53,12.04,10.82,9.85,9.22,9.22,8.25,7.28,8.6,8.06,7.62,7.81,7.28,7.62,6.4,0.0,0.0,0.0,0.0,0.0,0.0,0.0,13.0,11.66,11.05,12.04,12.17,13.0,14.42,15.0,15.26,15.23,15.3,14.87,15.3,16.16,14.42,16.0,16.12,17.89,17.03,17.8,18.03,18.25,19.21,18.97,19.42,19.85,20.1,21.47,-0.0969,1.8324,6.2244
2026-02-21T15:13:34.355069,movement_0_0_0_stairs,2.851,0.543,0.159,0.932,5.522,13.299,47.0,7.296,16.038,6.224,17.439,47.0,21.26,20.12,19.65,18.03,17.12,17.09,15.26,16.28,14.87,13.42,14.56,13.15,13.04,12.17,10.77,10.3,11.4,12.04,9.43,9.85,7.28,9.06,6.0,6.08,6.32,5.83,8.06,8.49,0.0,0.0,0.0,0.0,0.0,0.0,0.0,10.77,11.0,11.4,12.53,13.45,14.42,14.32,15.3,16.0,15.3,17.0,16.4,16.28,16.12,17.09,16.49,17.03,17.26,18.03,17.49,17.69,19.21,18.36,20.25,19.24,19.03,19.65,20.12,-0.1758,1.9461,6.2064
2026-02-21T15:13:34.867490,movement_0_0_0_stairs,2.44,0.329,0.332,3.714,22.807,14.057,79.0,10.232,17.588,6.452,17.947,79.0,22.2,20.12,20.22,17.03,18.03,16.55,17.0,17.12,16.4,12.53,14.04,13.6,12.65,12.37,10.63,10.2,10.3,10.3,9.06,10.0,8.94,8.0,8.06,7.21,7.07,5.83,6.08,6.32,0.0,0.0,0.0,0.0,0.0,0.0,0.0,12.21,12.08,12.65,13.6,13.0,14.42,15.23,16.49,14.87,16.03,15.65,17.46,17.26,16.28,17.46,18.38,17.8,18.11,17.46,18.36,18.0,18.03,18.68,20.22,19.8,21.21,20.62,21.4,0.3153,1.8122,5.8926
2026-02-21T15:13:35.174535,movement_0_0_0_stairs,2.581,0.588,0.299,4.05,25.215,14.05,86.0,11.073,18.364,6.18,17.443,86.0,22.56,21.26,19.1,21.02,18.6,16.0,17.49,16.4,17.0,15.26,14.76,14.04,12.81,12.08,10.44,12.81,8.25,10.2,11.31,8.25,8.25,8.06,5.39,4.0,5.0,3.16,7.62,7.21,0.0,0.0,0.0,0.0,0.0,0.0,0.0,12.53,14.14,12.81,14.56,13.6,13.45,13.04,14.76,14.76,15.0,16.28,16.76,17.09,17.69,15.52,16.16,16.28,17.26,15.81,16.64,17.03,17.49,18.87,21.02,21.95,21.95,21.1,21.26,0.0207,1.8798,6.2356
2026-02-21T15:13:35.687537,movement_0_0_0_stairs,2.341,0.624,0.369,1.491,7.506,16.809,68.0,10.307,20.805,7.358,22.015,68.0,28.46,28.43,25.32,24.6,22.36,23.02,22.67,21.54,20.88,21.21,17.72,15.23,15.56,13.04,12.53,10.82,11.0,13.04,10.44,11.05,10.63,7.07,8.06,9.43,8.06,9.22,6.32,5.1,0.0,0.0,0.0,0.0,0.0,0.0,0.0,14.21,12.04,16.12,15.65,16.03,16.55,21.47,19.42,16.28,20.4,18.36,19.72,19.24,20.81,19.92,22.36,21.93,21.84,19.65,21.93,23.77,24.17,25.0,25.0,24.19,25.94,26.08,26.87,0.1591,1.8425,6.2064
2026-02-21T15:13:36.095186,movement_0_0_0_stairs,2.607,0.592,0.227,0.396,2.597,26.439,83.0,14.157,31.675,11.974,35.249,83.0,40.31,40.72,38.83,38.05,37.16,35.81,33.06,31.06,32.31,28.86,26.25,28.79,27.07,23.35,25.0,21.38,21.93,18.97,18.25,15.0,16.55,17.09,12.04,14.0,14.56,14.21,12.17,13.93,0.0,0.0,0.0,0.0,0.0,0.0,0.0,21.21,22.8,21.19,22.02,24.19,25.5,29.53,29.27,29.0,31.38,34.79,33.6,32.14,37.64,32.02,32.56,31.76,32.76,32.02,38.59,34.48,37.22,38.28,40.72,41.3,42.8,43.01,40.61,-0.0722,1.8652,6.1755
2026-02-21T15:13:36.402308,movement_0_0_0_stairs,2.887,0.611,0.293,2.254,12.024,15.403,68.0,9.594,19.31,7.562,19.16,68.0,25.32,24.19,24.6,23.09,21.26,19.24,19.21,18.36,17.46,14.14,14.32,14.32,13.89,15.03,14.42,14.56,12.17,11.31,11.4,9.22,11.4,9.49,10.0,10.05,9.43,7.62,11.18,10.44,0.0,0.0,0.0,0.0,0.0,0.0,0.0,12.08,12.65,12.65,13.6,14.32,13.89,15.65,14.14,13.42,15.3,13.45,17.46,15.81,17.2,16.03,17.0,16.16,18.11,18.44,20.22,21.95,21.47,23.19,23.43,25.96,24.7,25.24,27.17,-0.1085,1.9086,6.2166
2026-02-21T15:13:36.915728,movement_0_0_0_stairs,2.826,1.182,1.329,2.862,15.926,20.871,107.0,14.714,20.699,12.295,29.222,107.0,27.29,25.94,27.07,25.08,22.2,20.25,18.25,14.42,13.34,14.32,9.49,16.4,15.03,8.06,10.82,11.4,6.4,18.68,14.0,9.22,11.0,15.26,17.69,12.37,17.46,15.62,19.03,16.16,0.0,0.0,0.0,0.0,0.0,0.0,0.0,20.0,20.81,23.19,22.85,22.67,24.08,25.3,25.46,25.0,25.18,22.02,23.09,30.15,27.59,24.17,30.02,32.8,34.13,29.27,35.36,27.2,31.06,33.24,32.65,30.08,32.76,31.24,35.11,0.1815,1.919,6.1588
2026-02-21T15:13:37.324103,movement_0_0_0_stairs,3.126,1.233,0.592,1.716,10.164,12.309,48.0,6.799,16.077,6.29,14.46,48.0,19.24,19.03,18.87,19.72,18.03,17.03,16.16,15.3,13.45,15.81,12.37,13.45,13.6,11.4,12.04,13.15,10.44,9.9,11.4,9.22,8.6,8.06,10.3,8.06,9.0,8.6,9.22,9.06,0.0,0.0,0.0,0.0,0.0,0.0,0.0,10.0,9.22,9.85,10.3,11.0,10.82,11.7,13.04,13.04,12.65,12.37,14.14,11.18,13.0,12.81,14.04,14.32,12.81,14.14,15.23,16.4,16.28,15.52,16.28,16.49,16.16,17.49,19.03,0.0081,1.8742,6.2306
2026-02-21T15:13:37.631177,movement_0_0_0_stairs,3.012,0.84,0.447,1.41,8.138,24.492,93.0,13.669,30.171,11.765,31.221,93.0,37.05,37.12,36.89,31.06,34.99,30.53,30.07,26.93,26.4,26.25,25.94,26.91,23.19,26.31,24.08,22.36,21.1,20.52,14.87,18.03,15.81,15.65,14.0,12.81,14.87,14.0,13.0,17.03,0.0,0.0,0.0,0.0,0.0,0.0,0.0,20.12,21.02,21.02,20.0,24.19,23.54,24.21,28.23,28.64,28.02,28.46,25.71,31.24,27.51,31.62,28.02,30.08,28.02,33.84,35.85,32.0,31.06,31.3,36.06,35.34,36.36,39.05,36.24,0.103,1.8813,6.2475
2026-02-21T15:13:38.143048,movement_0_0_0_stairs,2.909,0.859,0.618,3.02,17.542,23.191,119.0,16.025,28.504,10.387,30.339,119.0,35.36,34.21,33.62,32.14,30.23,28.18,28.02,27.29,25.55,24.02,21.93,20.81,20.1,19.31,18.44,18.44,16.49,15.56,14.87,15.03,13.42,11.66,11.05,9.85,10.0,10.2,11.4,11.31,0.0,0.0,0.0,0.0,0.0,0.0,0.0,20.62,20.88,20.88,21.26,22.2,23.41,24.21,26.31,26.0,27.8,27.17,29.15,27.02,28.28,27.86,28.43,28.44,29.73,29.73,31.05,32.28,33.24,33.84,35.36,35.61,34.93,35.23,35.81,0.1135,1.798,6.1897
2026-02-21T15:13:38.552821,movement_0_0_0_stairs,2.843,0.511,0.325,4.737,30.548,14.551,101.0,12.722,19.39,6.117,17.983,101.0,25.81,22.14,21.59,20.62,17.46,18.38,15.0,16.03,17.49,14.76,16.0,15.0,14.32,13.0,10.82,11.7,10.05,9.22,8.25,8.54,9.22,7.07,6.4,6.4,6.08,7.07,5.0,5.39,0.0,0.0,0.0,0.0,0.0,0.0,0.0,12.37,12.08,11.18,12.17,13.45,14.56,14.56,15.62,15.3,14.87,15.0,15.03,15.81,17.46,15.3,16.28,17.72,18.44,18.44,19.92,19.92,19.85,19.24,20.62,21.63,21.02,21.63,21.95,0.1152,1.8134,6.0645
2026-02-21T15:13:38.860460,movement_0_0_0_stairs,2.769,0.642,0.345,5.094,33.803,14.525,104.0,12.862,20.044,6.332,17.076,104.0,21.0,20.81,20.62,20.22,20.0,18.97,19.24,18.6,17.46,17.12,15.26,15.65,13.15,12.81,12.65,11.4,11.31,10.44,10.2,10.0,9.85,8.06,6.71,7.81,6.0,5.39,5.83,6.08,0.0,0.0,0.0,0.0,0.0,0.0,0.0,12.65,12.73,13.15,12.08,13.6,13.04,13.04,13.89,14.14,15.62,15.81,16.28,17.03,17.09,16.28,15.0,15.65,15.03,16.64,16.55,18.03,17.49,17.89,19.03,21.1,20.59,21.02,22.47,-0.1818,1.83,6.2306
2026-02-21T15:13:39.371565,movement_0_0_0_stairs,2.709,0.625,0.479,5.807,39.898,13.668,114.0,13.87,19.884,5.784,15.261,114.0,21.02,20.25,18.38,18.25,19.21,18.03,18.44,17.69,18.03,16.28,14.76,13.93,13.04,10.63,10.44,13.04,12.81,9.85,10.05,9.43,9.43,9.0,8.06,6.4,6.0,6.32,7.21,5.0,0.0,0.0,0.0,0.0,0.0,0.0,0.0,11.66,10.3,11.05,10.0,9.85,11.18,12.04,11.7,12.37,12.81,13.15,13.93,14.87,14.32,14.56,14.21,13.6,13.15,14.21,14.87,15.13,16.4,17.46,18.03,19.42,19.24,20.02,20.25,-0.1209,1.8133,6.2277
2026-02-21T15:13:39.781244,movement_0_0_0_stairs,2.754,0.597,0.324,1.541,8.646,24.383,95.0,13.895,31.727,11.543,29.63,95.0,40.45,37.16,36.89,36.0,33.29,34.44,32.14,29.07,32.89,30.15,30.41,25.96,23.35,25.5,22.8,22.8,20.62,21.1,18.79,17.46,19.03,19.24,15.26,15.0,13.89,11.18,12.04,10.0,0.0,0.0,0.0,0.0,0.0,0.0,0.0,20.62,22.02,19.85,20.25,22.8,21.21,25.5,24.17,26.4,26.08,25.55,26.83,26.31,27.02,26.93,27.07,29.41,27.31,30.07,27.8,29.55,28.44,33.24,35.11,33.73,37.48,38.64,39.22,-0.0242,1.8512,6.2306
2026-02-21T15:13:40.089103,movement_0_0_0_stairs,2.884,0.749,0.3,5.708,38.979,14.003,117.0,14.316,19.812,5.755,16.332,117.0,21.95,22.36,21.02,18.87,18.79,18.25,15.62,16.76,15.81,14.14,14.87,15.3,13.6,12.37,12.65,10.63,10.44,8.54,10.0,7.07,7.28,7.21,8.06,6.32,6.4,4.12,6.32,5.83,0.0,0.0,0.0,0.0,0.0,0.0,0.0,10.44,12.21,10.05,10.63,13.6,12.37,14.87,15.3,13.34,13.45,14.04,13.6,15.81,14.04,14.32,14.42,15.13,16.55,16.4,17.12,17.46,17.03,18.25,17.46,20.0,19.03,19.72,21.95,0.0759,1.8513,6.0858
2026-02-21T15:13:40.572617,movement_0_0_0_stairs,2.445,0.693,0.474,5.184,34.264,13.883,105.0,13.054,18.252,5.938,17.295,105.0,21.93,22.85,20.1,19.21,17.46,16.49,15.56,13.15,16.16,13.45,13.15,11.7,13.45,10.2,10.44,10.63,9.22,8.25,7.81,7.07,8.25,6.71,7.28,7.07,7.21,6.71,7.07,5.0,0.0,0.0,0.0,0.0,0.0,0.0,0.0,11.4,10.82,10.05,10.0,13.0,14.14,13.45,13.6,15.3,15.0,14.32,15.81,15.0,15.03,15.65,15.81,17.12,17.89,17.8,18.03,19.24,18.87,19.03,19.24,20.59,21.0,20.25,22.47,0.0964,1.8617,6.1413
2026-02-21T15:13:41.010448,movement_0_0_0_stairs,2.892,0.87,0.428,3.374,19.94,14.043,76.0,10.064,17.925,6.174,17.85,76.0,21.95,21.02,20.4,19.8,19.65,18.03,17.8,17.12,16.55,14.76,14.04,13.6,11.7,11.4,12.04,11.18,10.77,10.0,10.05,8.54,8.06,7.0,7.21,6.71,6.08,7.07,7.28,7.28,0.0,0.0,0.0,0.0,0.0,0.0,0.0,11.66,11.7,11.4,12.04,13.15,13.0,13.89,14.04,13.45,13.6,15.23,16.12,17.03,17.2,18.03,17.12,17.03,17.72,17.09,18.6,18.03,18.87,20.12,21.1,22.02,22.14,21.59,22.67,0.0179,1.9246,6.2244
2026-02-21T15:13:41.317483,movement_0_0_0_stairs,2.3,0.593,0.445,4.193,26.506,13.654,82.0,10.401,17.355,6.382,17.063,82.0,20.22,19.1,17.72,18.03,17.8,16.12,16.16,15.81,15.13,14.87,13.6,12.04,11.18,11.18,11.0,10.82,10.77,11.05,10.0,9.85,9.06,8.6,7.62,6.08,6.4,6.32,6.71,7.21,0.0,0.0,0.0,0.0,0.0,0.0,0.0,12.21,12.0,12.21,13.0,13.15,13.45,13.34,13.6,13.6,14.0,15.0,16.16,16.28,16.28,16.76,16.28,16.28,16.49,16.76,17.03,17.12,17.46,19.42,20.02,20.59,21.1,21.0,20.81,0.1453,1.8835,6.1925
2026-02-21T15:13:41.831001,movement_0_0_0_stairs,3.037,0.683,0.257,4.496,28.782,14.261,89.0,11.158,18.893,6.867,16.898,89.0,22.8,20.1,18.36,18.87,19.03,18.36,18.36,16.03,17.46,17.49,16.12,14.87,12.21,12.17,12.65,12.21,9.06,10.44,10.0,11.18,10.44,10.63,9.49,9.22,9.22,8.54,8.06,7.81,0.0,0.0,0.0,0.0,0.0,0.0,0.0,11.7,10.44,11.4,11.7,11.4,14.14,12.65,12.65,14.21,14.04,13.0,14.76,15.03,17.0,14.42,17.03,16.16,14.87,18.03,18.79,15.62,17.12,17.46,18.6,20.22,23.71,22.2,24.19,0.0835,1.8624,5.9917
2026-02-21T15:13:42.239095,movement_0_0_0_stairs,2.927,2.269,1.525,1.303,6.341,17.827,74.0,11.658,20.631,7.468,25.038,74.0,27.66,27.0,26.93,25.63,23.77,22.8,21.02,19.72,18.79,15.03,16.97,15.3,14.32,15.23,13.04,13.6,12.37,10.44,10.63,9.0,7.81,5.1,6.08,5.0,4.12,3.16,3.61,4.47,0.0,0.0,0.0,0.0,0.0,0.0,0.0,19.1,18.44,19.42,19.7,20.59,20.22,21.21,22.2,21.95,22.47,25.0,24.21,25.02,23.85,24.17,24.19,22.67,24.52,23.77,25.55,25.08,26.4,26.57,27.2,30.48,28.07,28.02,28.23,0.005,1.8991,6.1664
2026-02-21T15:13:42.546549,movement_0_0_0_stairs,2.566,1.166,0.91,2.864,16.502,12.985,63.0,8.491,16.779,6.028,16.006,63.0,21.26,19.1,18.79,20.0,17.03,17.09,17.8,17.26,15.81,13.45,13.93,12.37,10.63,12.17,10.44,11.4,10.77,9.22,9.43,11.4,10.05,8.06,7.81,7.07,7.21,7.81,7.28,8.6,0.0,0.0,0.0,0.0,0.0,0.0,0.0,11.18,9.85,10.77,10.05,9.43,11.4,12.17,12.04,11.7,14.04,17.2,13.0,15.3,16.12,13.42,14.32,14.42,14.32,16.03,16.12,17.89,17.0,17.89,20.0,20.22,19.31,19.21,20.4,0.0952,1.8267,6.2119
2026-02-21T15:13:43.058045,movement_0_0_0_stairs,2.782,0.599,0.246,3.96,24.584,14.2,82.0,10.5,18.703,6.398,17.348,82.0,21.4,20.62,20.4,21.26,18.97,17.72,17.69,18.44,17.26,15.62,13.34,13.34,12.73,12.17,11.18,13.45,12.17,10.77,12.04,10.2,9.85,9.22,9.06,6.32,7.21,7.28,8.06,8.06,0.0,0.0,0.0,0.0,0.0,0.0,0.0,12.37,11.4,12.0,11.18,10.3,12.04,13.6,13.0,13.34,15.62,14.56,15.81,17.2,16.28,16.16,16.4,16.28,16.16,16.4,17.12,17.49,18.87,20.0,19.7,21.63,22.09,21.47,22.47,0.0823,1.8511,6.0382
2026-02-21T15:13:43.467912,movement_0_0_0_stairs,2.871,1.031,0.582,4.82,31.388,14.429,101.0,12.66,18.619,6.204,18.28,101.0,23.02,20.1,20.59,19.72,19.03,17.89,15.81,15.0,14.21,13.6,13.15,13.45,12.65,12.37,11.31,11.4,10.05,9.43,8.94,8.25,6.4,5.39,7.07,5.0,6.32,6.08,8.49,5.1,0.0,0.0,0.0,0.0,0.0,0.0,0.0,12.04,13.6,13.93,13.93,13.89,13.04,15.26,17.09,17.26,16.97,17.46,17.09,17.2,17.12,16.12,16.12,18.0,18.36,17.0,18.03,20.0,20.12,19.1,18.6,21.54,20.4,21.93,21.38,-0.0494,1.8523,6.2277
